site,day_utc,country,country_name,page_loads
shanzhongwa,2026-09-03,DE,Germany,4
shanzhongwa,2026-09-03,HU,Hungary,1
shanzhongwa,2026-09-03,NL,The Netherlands,2
shanzhongwa,2026-09-03,SG,Singapore,14
shanzhongwa,2026-09-03,US,United States,16
shanzhongwa,2026-09-04,SG,Singapore,47
shanzhongwa,2026-09-04,US,United States,17
shanzhongwa,2026-09-05,SG,Singapore,20
shanzhongwa,2026-09-05,US,United States,6
yamamoinu,2026-09-04,DE,Germany,3
yamamoinu,2026-09-04,SG,Singapore,16
yamamoinu,2026-09-04,US,United States,10
